,url,url_mobile,title,seendate,socialimage,domain,language,sourcecountry
0,https://www.marinij.com/2024/02/29/another-view-trump-rival-nikki-haley-makes-case-ahead-of-super-tuesday/,https://www.marinij.com/2024/02/29/another-view-trump-rival-nikki-haley-makes-case-ahead-of-super-tuesday/amp/,Another View : Trump rival Nikki Haley makes case ahead of Super Tuesday,20240301T003000Z,https://www.marinij.com/wp-content/uploads/2024/02/AP24042731059512.jpg,marinij.com,English,United States
1,https://www.politicususa.com/2024/02/29/trump-walks-away-when-asked-if-he-has-any-legislation-for-border.html,https://www.politicususa.com/2024/02/29/trump-walks-away-when-asked-if-he-has-any-legislation-for-border.html/amp,Trump Walks Away When Asked If He Has Any Legislation For Border,20240301T000000Z,https://www.politicususa.com/wp-content/uploads/2024/02/Trump-border-legislation.jpg,politicususa.com,English,United States
2,https://freerepublic.com/tag/*/index?more=4220969,,Latest Articles,20240301T000000Z,,freerepublic.com,English,United States
3,http://www.houstonchronicle.com/politics/texas/article/biden-texas-border-deal-18691015.php,,"At Texas border , Biden urges GOP to revive dormant immigration deal",20240301T014500Z,https://s.hdnux.com/photos/01/36/36/66/24767877/5/rawImage.jpg,houstonchronicle.com,English,United States
4,https://www.breitbart.com/immigration/2024/02/29/national-border-patrol-council-trump-supports-agents-mission-biden-burned-the-border-to-the-ground/,https://www.breitbart.com/2024-election/2024/02/29/national-border-patrol-council-trump-supports-agents-mission-biden-burned-the-border-to-the-ground/amp/,"Border Patrol Union Slams Biden , Hypes Trump Amid Dueling Border Visits",20240301T014500Z,https://media.breitbart.com/media/2024/02/Joe-Biden-and-Donald-Trump-640x335.jpg,breitbart.com,English,United States
5,https://www.ksut.org/government-politics/2024-02-28/in-arizona-abortion-politics-are-already-playing-out-on-the-senate-campaign-trail,https://www.ksut.org/government-politics/2024-02-28/in-arizona-abortion-politics-are-already-playing-out-on-the-senate-campaign-trail?_amp=true,"In Arizona , abortion politics are already playing out on the Senate campaign trail",20240301T013000Z,https://media.npr.org/assets/img/2024/02/27/ap24055618294425_sq-da75c940b268a4c1d35eb05883fbf45359616801.jpg,ksut.org,English,United States
6,https://hotair.com/generalissimo/2024/02/29/eight-months-away-from-the-election-both-parties-acting-like-they-believe-theyll-lose-n3783737,https://hotair.com/generalissimo/2024/02/29/eight-months-away-from-the-election-both-parties-acting-like-they-believe-theyll-lose-n3783737/amp,"It Almost Spring , But Both Parties Act Like Winter Is Coming",20240301T024500Z,https://media.townhall.com/cdn/hodl/2017/230/15e317d4-5f4a-434f-b510-9d90b64f32bd.jpg,hotair.com,English,United States
7,https://freerepublic.com/tag/*/index?more=4221010,,Latest Articles,20240301T033000Z,,freerepublic.com,English,United States
8,https://evanstonroundtable.com/2024/02/29/evanstons-ballot-guide-for-the-2024-primary-election/,,Evanston ballot guide for the 2024 primary election,20240301T030000Z,https://evanstonroundtable.com/wp-content/uploads/2022/10/IMG_5857-scaled.jpeg,evanstonroundtable.com,English,United States
9,https://www.opednews.com/populum/page.php?f=Democrat-Mistakes-2016-Democratic-Convention_Democrat-Hypocrisy_Democratic_Democratic-Congressional-Campaign-Committee-240229-280.html,,Article : Democrat Mistakes,20240301T040000Z,https://www.opednews.com/populum/visuals/2024/02/2024-02-516288-500-Uploaded-populum_visuals_2024_02_2024-02-516288-mistakes-718.jpg,opednews.com,English,United States
10,http://www.expressnews.com/politics/texas/article/biden-texas-border-deal-18691015.php,,"At Texas border , Biden urges GOP to revive dormant immigration deal",20240301T040000Z,https://s.hdnux.com/photos/01/36/36/75/24768342/3/rawImage.jpg,expressnews.com,English,United States
11,https://www.timesleader.com/opinion/op-ed/1646752/their-view-heres-why-nominating-another-democrat-for-president-would-be-a-mistake,https://www.timesleader.com/opinion/op-ed/1646752/their-view-heres-why-nominating-another-democrat-for-president-would-be-a-mistake/amp,Their View : Here why nominating another Democrat for president would be a mistake,20240301T054500Z,,timesleader.com,English,United States
12,https://thyblackman.com/2024/02/29/kamala-harris-holds-the-line-the-democratic-nominees-path-beyond-joe-bidens-challenges/,https://thyblackman.com/2024/02/29/kamala-harris-holds-the-line-the-democratic-nominees-path-beyond-joe-bidens-challenges/amp/,Kamala Harris Holds the Line : The Democratic Nominee Path Beyond Joe Biden Challenges . ,20240301T053000Z,https://thyblackman.com/wp-content/uploads/2024/02/Kamala-Harris-Holds-the-Line-The-Democratic-Nominees-Path-Beyond-Joe-Bidens-Challenges.jpg,thyblackman.com,English,United States
13,https://freerepublic.com/tag/*/index?more=4221026,,Latest Articles,20240301T051500Z,,freerepublic.com,English,United States
14,https://www.wnd.com/2024/02/will-gruesome-newsom-michelle-o-replace-biden/,,Will Gruesome Newsom or Michelle O . replace Biden ? ,20240301T050000Z,https://www.wnd.com/wp-content/uploads/2023/04/Newsom.jpg,wnd.com,English,United States
15,https://www.theyeshivaworld.com/news/general/2265163/electoral-landslide-trump-leading-biden-in-seven-key-battleground-states.html,,ELECTORAL LANDSLIDE : Trump Leading Biden In SEVEN Key Battleground States â€“ The Yeshiva World,20240301T063000Z,,theyeshivaworld.com,English,United States
16,https://www.ncspin.com/close-gop-races-for-congress-across-north-carolina,,Close GOP races for Congress across North Carolina,20240301T070000Z,https://www.ncspin.com/assets/images/og-othervoices-v2-1200x628.jpg,ncspin.com,English,United States
17,https://www.lmtribune.com/northwest/idaho-gop-presidential-caucus-scheduled-this-weekend/article_d24484f8-f674-56f8-b9e8-90b17172fe94.html,,Idaho GOP presidential caucus scheduled this weekend,20240301T090000Z,https://bloximages.newyork1.vip.townnews.com/lmtribune.com/content/tncms/assets/v3/editorial/0/bf/0bf02819-8cc0-5907-a3c7-3695fa87605c/63393a84ad903.image.jpg?crop=600%2C315%2C0%2C278,lmtribune.com,English,United States
18,https://www.courant.com/2024/03/01/ro-khanna-why-president-biden-should-be-reelected/,,Ro Khanna : Why President Biden should be reelected,20240301T114500Z,https://www.courant.com/wp-content/uploads/2024/02/Election_2024_Immigration_28266_5219f7-5.jpg,courant.com,English,United States
19,https://www.ocregister.com/2024/03/01/nikki-haley-we-have-a-country-to-save/,https://www.ocregister.com/2024/03/01/nikki-haley-we-have-a-country-to-save/amp/,Nikki Haley : We have a country to save,20240301T113000Z,https://www.ocregister.com/wp-content/uploads/2024/03/LDN-L-ELX-HALEY-0208-KB01.jpg,ocregister.com,English,United States
20,https://www.chicagotribune.com/2024/03/01/nikki-haley-we-have-a-country-to-save/,,Nikki Haley : We have a country to save,20240301T113000Z,https://www.chicagotribune.com/wp-content/uploads/2024/02/ctc-l-nikki-haley-2jpg-WRE0134452438.jpg,chicagotribune.com,English,United States
21,https://patriotpost.us/articles/104834-rci-the-pipe-bombs-before-january-6-2024-03-01,,Political Editors : RCI : The Pipe Bombs Before January 6,20240301T113000Z,https://img.patriotpost.us/01HQTT4FS2QMWBYWV6RGYF1WW1.jpeg,patriotpost.us,English,United States
22,https://www.nydailynews.com/2024/03/01/rep-ro-khanna-why-president-biden-should-be-reelected/,https://www.nydailynews.com/2024/03/01/rep-ro-khanna-why-president-biden-should-be-reelected/amp/,Rep . Ro Khanna : Why President Biden should be reelected,20240301T113000Z,https://www.nydailynews.com/wp-content/uploads/2024/02/AP24059700404174.jpg,nydailynews.com,English,United States
23,https://www.dailynews.com/2024/03/01/nikki-haley-we-have-a-country-to-save/,https://www.dailynews.com/2024/03/01/nikki-haley-we-have-a-country-to-save/amp/,Nikki Haley : We have a country to save,20240301T113000Z,https://www.dailynews.com/wp-content/uploads/2024/03/LDN-L-ELX-HALEY-0208-KB01.jpg,dailynews.com,English,United States
24,https://www.lowellsun.com/2024/03/01/opinion-we-have-a-country-to-save/,https://www.lowellsun.com/2024/03/01/opinion-we-have-a-country-to-save/amp/,Opinion : We Have a Country to Save,20240301T113000Z,https://www.lowellsun.com/wp-content/uploads/2024/01/AP24024066798677.jpg,lowellsun.com,English,United States
25,https://www.bostonherald.com/2024/03/01/khanna-why-president-biden-should-be-reelected/,https://www.bostonherald.com/2024/03/01/khanna-why-president-biden-should-be-reelected/amp/,Khanna : Why President Biden should be reelected,20240301T124500Z,https://www.bostonherald.com/wp-content/uploads/2024/02/BHR-Z-KHANNA-01.jpg,bostonherald.com,English,United States
26,https://www.dailybreeze.com/2024/03/01/nikki-haley-we-have-a-country-to-save/,https://www.dailybreeze.com/2024/03/01/nikki-haley-we-have-a-country-to-save/amp/,Nikki Haley : We have a country to save,20240301T123000Z,https://www.dailybreeze.com/wp-content/uploads/2024/03/LDN-L-ELX-HALEY-0208-KB01.jpg,dailybreeze.com,English,United States
27,https://www.yahoo.com/news/biden-keeps-plugging-away-tiktok-111029128.html,,Biden keeps plugging away at TikTok . Dont expect Trump to follow . ,20240301T123000Z,https://s.yimg.com/ny/api/res/1.2/aeqC_6kuSmRQbK5pYIJItw--/YXBwaWQ9aGlnaGxhbmRlcjt3PTEyMDA7aD04MDE-/https://media.zenfs.com/en/semafor_310/26d5b54a3d7b3aef98089c3152dadecf,yahoo.com,English,United States
28,https://www.pasadenastarnews.com/2024/03/01/nikki-haley-we-have-a-country-to-save/,https://www.pasadenastarnews.com/2024/03/01/nikki-haley-we-have-a-country-to-save/amp/,Nikki Haley : We have a country to save,20240301T123000Z,https://www.pasadenastarnews.com/wp-content/uploads/2024/03/LDN-L-ELX-HALEY-0208-KB01.jpg,pasadenastarnews.com,English,United States
29,https://www.denverpost.com/2024/03/01/uncommitted-joe-biden-super-tuesday-donald-trump/,https://www.denverpost.com/2024/03/01/uncommitted-joe-biden-super-tuesday-donald-trump/amp/,Democrats square off over Biden and  uncommitted  ,20240301T123000Z,https://www.denverpost.com/wp-content/uploads/2024/02/tdp-z-opletters-0304-02.jpg,denverpost.com,English,United States
30,https://www.sentinelandenterprise.com/2024/03/01/opinion-we-have-a-country-to-save/,https://www.sentinelandenterprise.com/2024/03/01/opinion-we-have-a-country-to-save/amp/,Haley : We have a country to save,20240301T120000Z,https://www.sentinelandenterprise.com/wp-content/uploads/2024/01/AP24024066798677.jpg,sentinelandenterprise.com,English,United States
31,https://www.chicagotribune.com/2024/03/01/will-johnson-how-many-chicago-democrats-are-for-nikki-haley/,,Op - ed : How many Chicago Democrats are for Nikki Haley ? ,20240301T120000Z,https://www.chicagotribune.com/wp-content/uploads/2024/02/CTC-L-Nikki-Haley-WRE0134385418.jpg,chicagotribune.com,English,United States
32,https://www.tampabay.com/opinion/2024/03/01/president-michelle-obama-rich-people-moon-moms-gaza-heretic-nyt-readings/,https://www.tampabay.com/opinion/2024/03/01/president-michelle-obama-rich-people-moon-moms-gaza-heretic-nyt-readings/?outputType=amp,"President Michelle Obama , rich people on the moon , moms in Gaza and a heretic at the NYT",20240301T134500Z,https://www.tampabay.com/resizer/5B89ErCQg0oRXlXyL1LB9hNAgLQ=/1200x675/smart/cloudfront-us-east-1.images.arcpublishing.com/tbt/HJIUPFOPI45PKWN2OI36P2JCAM.jpg,tampabay.com,English,United States
33,https://www.dailyfreeman.com/2024/03/01/u-s-rep-khanna-guest-column-why-president-biden-should-be-reelected/,https://www.dailyfreeman.com/2024/03/01/u-s-rep-khanna-guest-column-why-president-biden-should-be-reelected/amp/,U . S . Rep . Khanna guest column : Why President Biden should be reelected,20240301T134500Z,https://www.dailyfreeman.com/wp-content/uploads/2024/02/Biden_92254-6.jpg,dailyfreeman.com,English,United States
34,https://www.denverpost.com/2024/03/01/rep-khanna-biden-must-be-reelected-ceasefire/,https://www.denverpost.com/2024/03/01/rep-khanna-biden-must-be-reelected-ceasefire/amp/,"Rep . Khanna : President Biden working on cease - fire , must be reelected",20240301T133000Z,https://www.denverpost.com/wp-content/uploads/2024/02/Biden_Classified_Documents_88052.jpg,denverpost.com,English,United States
35,https://www.americanthinker.com/articles/2024/03/why_the_united_states_went_communist.html,,Why the United States Went  Communist  - American Thinker,20240301T130000Z,https://www.americanthinker.com/images/bucket/2024-02/252462.jpeg,americanthinker.com,English,United States
36,https://www.paradisepost.com/2024/03/01/why-president-biden-should-be-reelected-guest-commentary/,https://www.paradisepost.com/2024/03/01/why-president-biden-should-be-reelected-guest-commentary/amp/,Why President Biden should be reelected | Guest commentary,20240301T144500Z,https://www.paradisepost.com/wp-content/uploads/2024/03/Biden_Governors_19373-4.jpg,paradisepost.com,English,United States
37,https://www.dailylocal.com/2024/03/01/rep-ro-khanna-why-president-biden-should-be-re-elected-commentary/,https://www.dailylocal.com/2024/03/01/rep-ro-khanna-why-president-biden-should-be-re-elected-commentary/amp/,Guest commentary : Why Biden should be reelected,20240301T144500Z,https://www.dailylocal.com/wp-content/uploads/2024/03/APphoto_Biden-Personal-Data.jpg,dailylocal.com,English,United States
38,https://www.news-herald.com/2024/03/01/nikki-haley-we-have-a-country-to-save/,https://www.news-herald.com/2024/03/01/nikki-haley-we-have-a-country-to-save/amp/,Nikki Haley : We have a country to save,20240301T144500Z,https://www.news-herald.com/wp-content/uploads/2024/02/Election_2024_Haley_43520.jpg,news-herald.com,English,United States
39,https://www.dailylocal.com/2024/03/01/nikki-haley-we-have-a-country-to-save-commentary/,https://www.dailylocal.com/2024/03/01/nikki-haley-we-have-a-country-to-save-commentary/amp/,Nikki Haley : We have a country to save | Commentary,20240301T144500Z,https://www.dailylocal.com/wp-content/uploads/2024/03/APphoto_Election-2024-Haley-e1709142904235.jpg,dailylocal.com,English,United States
40,https://www.yahoo.com/news/why-many-republicans-believe-biden-135021101.html,,Why So Many Republicans Believe Biden Wont Be The Democratic Nominee,20240301T141500Z,https://media.zenfs.com/en/the_huffington_post_584/f8ee544f975f385b190fe37a0c6453f6,yahoo.com,English,United States
41,https://www.mainlinemedianews.com/2024/03/01/nikki-haley-we-have-a-country-to-save-commentary/,https://www.mainlinemedianews.com/2024/03/01/nikki-haley-we-have-a-country-to-save-commentary/amp/,Nikki Haley : We have a country to save | Commentary,20240301T141500Z,https://www.mainlinemedianews.com/wp-content/uploads/2024/03/APphoto_Election-2024-Haley-e1709142904235.jpg,mainlinemedianews.com,English,United States
42,https://www.sgvtribune.com/2024/03/01/nikki-haley-we-have-a-country-to-save/,https://www.sgvtribune.com/2024/03/01/nikki-haley-we-have-a-country-to-save/amp/,Nikki Haley : We have a country to save,20240301T154500Z,https://www.sgvtribune.com/wp-content/uploads/2024/03/LDN-L-ELX-HALEY-0208-KB01.jpg,sgvtribune.com,English,United States
43,https://www.montereyherald.com/2024/03/01/we-have-a-country-to-save-nikki-haley/,https://www.montereyherald.com/2024/03/01/we-have-a-country-to-save-nikki-haley/amp/,We have a country to save | Guest commentary,20240301T154500Z,https://www.montereyherald.com/wp-content/uploads/2024/03/US-NEWS-GOP-DONORS-CONGRESS-AT.jpg,montereyherald.com,English,United States
44,https://www.pottsmerc.com/2024/03/01/nikki-haley-we-have-a-country-to-save-commentary/,https://www.pottsmerc.com/2024/03/01/nikki-haley-we-have-a-country-to-save-commentary/amp/,Nikki Haley : We have a country to save | Commentary,20240301T154500Z,https://www.pottsmerc.com/wp-content/uploads/2024/03/APphoto_Election-2024-Haley-e1709142904235.jpg,pottsmerc.com,English,United States
45,https://www.times-standard.com/2024/03/01/why-president-biden-should-be-reelected-guest-commentary/,https://www.times-standard.com/2024/03/01/why-president-biden-should-be-reelected-guest-commentary/amp/,Why President Biden should be reelected | Guest commentary,20240301T154500Z,https://www.times-standard.com/wp-content/uploads/2024/03/Biden_Governors_19373-4.jpg,times-standard.com,English,United States
46,https://www.conservativehq.com/post/the-right-resistance-if-a-resume-is-the-only-consideration-pompeo-is-perfect-for-trump-s-veep,,"The Right Resistance : If a resume is the only consideration , Pompeo is perfect for Trump veep",20240301T153000Z,"https://static.wixstatic.com/media/7d0df7_1b2a5ad2606246d48f415f81967deb8f~mv2.jpg/v1/fill/w_1000,h_566,al_c,q_85,usm_0.66_1.00_0.01/7d0df7_1b2a5ad2606246d48f415f81967deb8f~mv2.jpg",conservativehq.com,English,United States
47,https://www.eastbaytimes.com/2024/03/01/khanna-there-is-a-clear-choice-why-biden-should-be-reelected/,https://www.eastbaytimes.com/2024/03/01/khanna-there-is-a-clear-choice-why-biden-should-be-reelected/amp/,Khanna : There is a clear choice why Biden should be reelected,20240301T153000Z,https://www.eastbaytimes.com/wp-content/uploads/2024/03/Biden_63476-1.jpg,eastbaytimes.com,English,United States
48,https://www.sbsun.com/2024/03/01/nikki-haley-we-have-a-country-to-save/,https://www.sbsun.com/2024/03/01/nikki-haley-we-have-a-country-to-save/amp/,Nikki Haley : We have a country to save,20240301T151500Z,https://www.sbsun.com/wp-content/uploads/2024/03/LDN-L-ELX-HALEY-0208-KB01.jpg,sbsun.com,English,United States
49,https://www.washingtonpost.com/opinions/2024/03/01/democrats-republicans-presidential-selection-process/,,Opinion | Crybaby conservatives vs . self - appointed democracy savers,20240301T151500Z,https://arc-anglerfish-washpost-prod-washpost.s3.amazonaws.com/public/4YMTLWDTQRD3XMTLELLLHBZOJI.JPG,washingtonpost.com,English,United States
50,https://www.ajc.com/politics/politics-blog/pg-am-crossover-day-marked-by-legislative-hits-and-misses-what-to-know/LU4VHOCZOVGTXCWYNDW3IKZQUY/,,PG A . M .: Crossover Day marked by legislative hits and misses . What to know . ,20240301T150000Z,https://www.ajc.com/resizer/bIM6pxa0UAuD2Cduen962iZUAe8=/1200x630/cloudfront-us-east-1.images.arcpublishing.com/ajc/GHWIXF3GXMA5V7PFNCNDE5D5LQ.JPG,ajc.com,English,United States
51,https://www.thereporteronline.com/2024/03/01/rep-ro-khanna-why-president-biden-should-be-re-elected-commentary/,https://www.thereporteronline.com/2024/03/01/rep-ro-khanna-why-president-biden-should-be-re-elected-commentary/amp/,Guest commentary : Why Biden should be reelected,20240301T160000Z,https://www.thereporteronline.com/wp-content/uploads/2024/03/APphoto_Biden-Personal-Data.jpg,thereporteronline.com,English,United States
52,https://www.ukiahdailyjournal.com/2024/03/01/why-president-biden-should-be-reelected-guest-commentary/,https://www.ukiahdailyjournal.com/2024/03/01/why-president-biden-should-be-reelected-guest-commentary/amp/,Why President Biden should be reelected | Guest commentary,20240301T160000Z,https://www.ukiahdailyjournal.com/wp-content/uploads/2024/03/Biden_Governors_19373-4.jpg,ukiahdailyjournal.com,English,United States
53,https://koacolorado.iheart.com/featured/ross-kaminsky/content/2024-02-29-tgif-blogcast-ari-shaffir-political-corruption/,https://koacolorado.iheart.com/alternate/amp/2024-02-29-tgif-blogcast-ari-shaffir-political-corruption/,TGIF Blogcast : Ari Shaffir ; Political corruption ; | KOA 850 AM & 94 . 1 FM,20240301T160000Z,"https://i.iheart.com/v3/re/assets.getty/62ab4384480a4bbbfe48cbc9?ops=gravity(%22north%22),fit(1200,675),quality(65)",koacolorado.iheart.com,English,United States
54,https://www.thereporter.com/2024/03/01/why-president-biden-should-be-reelected-guest-commentary/,https://www.thereporter.com/2024/03/01/why-president-biden-should-be-reelected-guest-commentary/amp/,Why President Biden should be reelected | Guest commentary,20240301T160000Z,https://www.thereporter.com/wp-content/uploads/2024/03/Biden_Governors_19373-4.jpg,thereporter.com,English,United States
55,https://www.ukiahdailyjournal.com/2024/03/01/we-have-a-country-to-save-nikki-haley/,https://www.ukiahdailyjournal.com/2024/03/01/we-have-a-country-to-save-nikki-haley/amp/,We have a country to save | Guest commentary,20240301T160000Z,https://www.ukiahdailyjournal.com/wp-content/uploads/2024/03/US-NEWS-GOP-DONORS-CONGRESS-AT.jpg,ukiahdailyjournal.com,English,United States
56,https://www.thereporteronline.com/2024/03/01/nikki-haley-we-have-a-country-to-save-commentary/,https://www.thereporteronline.com/2024/03/01/nikki-haley-we-have-a-country-to-save-commentary/amp/,Nikki Haley : We have a country to save | Commentary,20240301T160000Z,https://www.thereporteronline.com/wp-content/uploads/2024/03/APphoto_Election-2024-Haley-e1709142904235.jpg,thereporteronline.com,English,United States
57,https://www.thereporter.com/2024/03/01/we-have-a-country-to-save-nikki-haley/,https://www.thereporter.com/2024/03/01/we-have-a-country-to-save-nikki-haley/amp/,We have a country to save | Guest commentary,20240301T160000Z,https://www.thereporter.com/wp-content/uploads/2024/03/US-NEWS-GOP-DONORS-CONGRESS-AT.jpg,thereporter.com,English,United States
58,https://www.wxii12.com/article/part-of-westridge-road-in-greensboro-will-close-due-to-crews-installing-sidewalks-handicap-ramps/60042007,https://www.wxii12.com/amp/article/part-of-westridge-road-in-greensboro-will-close-due-to-crews-installing-sidewalks-handicap-ramps/60042007,"North Carolina road closures to install sidewalks , handicap ramps",20240301T173000Z,"https://kubrick.htvapps.com/htv-prod/ibmig/cms/image/wxii/10719792-road-construction-2-jpg.jpg?crop=1.00xw:1.00xh;0,0",wxii12.com,English,United States
59,https://www.yahoo.com/news/controls-over-artificial-intelligence-political-165835673.html,,Controls over artificial intelligence in political ads is heading to governor desk,20240301T173000Z,https://media.zenfs.com/en/florida_phoenix_articles_551/faa0004b2869084b6038af16ba1413f9,yahoo.com,English,United States
60,https://www.yahoo.com/news/night-shows-hot-again-could-164413407.html,,Late - night shows are hot again : What that could mean ahead of November,20240301T173000Z,https://media.zenfs.com/en/the_hill_articles_341/349a3efff624ce26bc8a62052418aa5e,yahoo.com,English,United States
61,https://www.timesheraldonline.com/2024/03/01/why-president-biden-should-be-reelected-guest-commentary/,https://www.timesheraldonline.com/2024/03/01/why-president-biden-should-be-reelected-guest-commentary/amp/,Why President Biden should be reelected | Guest commentary,20240301T190000Z,https://www.timesheraldonline.com/wp-content/uploads/2024/03/Biden_Governors_19373-4.jpg,timesheraldonline.com,English,United States
62,https://www.8newsnow.com/news/politics/first-lady-jill-biden-to-visit-las-vegas-on-saturday/,https://www.8newsnow.com/news/politics/first-lady-jill-biden-to-visit-las-vegas-on-saturday/amp/,First lady Jill Biden to visit Las Vegas on Saturday,20240301T203000Z,https://www.8newsnow.com/wp-content/uploads/sites/59/2024/01/65b2db2add3a33.63302163.jpeg,8newsnow.com,English,United States
63,https://www.foxnews.com/politics/fox-news-politics-where-was-kamala,https://www.foxnews.com/politics/fox-news-politics-where-was-kamala.amp,Fox News Politics : Where was Kamala ? ,20240301T213000Z,https://static.foxnews.com/foxnews.com/content/uploads/2024/02/Kamala-Harris.jpg,foxnews.com,English,United States
64,https://www.yahoo.com/news/first-lady-jill-biden-visit-193256565.html,,First lady Jill Biden to visit Las Vegas on Saturday,20240301T211500Z,https://media.zenfs.com/en/klas_articles_549/468e3a9c34688bd3b23278dc8290e7f0,yahoo.com,English,United States
65,https://www.postbulletin.com/news/minnesota/in-minnesotas-3rd-district-an-open-seat-opportunity-isnt-high-on-national-watch-list,,"In Minnesota 3rd District , an open congressional seat has lost the spotlight it had in 2018 - InForum | Fargo , Moorhead and West Fargo news , weather and sports",20240301T224500Z,https://forum-communications-production-web.s3.us-west-2.amazonaws.com/brightspot/ae/71/e4e9539343bcac001dd284a4be5a/2023-11-24t204934z-687371776-rc2014aak0pu-rtrmadp-3-usa-election-phillips.JPG,postbulletin.com,English,United States
66,https://www.wbez.org/stories/oneill-burke-widens-fundraising-lead-in-bid-to-replace-kim-foxx/c5843911-2165-49a9-bd19-9aaab9f32e6f,,ONeill Burke widens fundraising lead in bid to replace Kim Foxx,20240301T220000Z,https://api.wbez.org/v2/images/3b680cb5-a7f1-40bb-b801-87a946ee896d.jpg?mode=FILL,wbez.org,English,United States
67,https://www.yahoo.com/news/vp-harris-north-carolina-days-212055073.html,,VP Harris in North Carolina days before Super Tuesday to announce $32 million investment,20240301T220000Z,https://s.yimg.com/ny/api/res/1.2/kqJlvLhdXE.jQp6ML9.mYA--/YXBwaWQ9aGlnaGxhbmRlcjt3PTEyMDA7aD04MDA-/https://media.zenfs.com/en/usa_today_news_641/ad9da0a25a9f61bb9f60ac328a0e63d9,yahoo.com,English,United States
68,https://www.local10.com/news/politics/2024/03/01/jill-biden-casts-donald-trump-as-a-threat-to-women-as-she-opens-a-tour-of-battleground-states/,,Jill Biden casts Donald Trump as a threat to women as she opens a tour of battleground states,20240301T220000Z,"https://res.cloudinary.com/graham-media-group/image/upload/f_auto/q_auto/c_thumb,w_700/v1/media/gmg/6XY677724ZCRHJB5HUHYELXOFE.jpg?_a=ATAPphC0",local10.com,English,United States
69,https://www.somerset-kentucky.com/opinion/crybaby-conservatives-vs-self-appointed-democracy-savers/article_5a102e3e-d7e3-11ee-aff8-5b922bbfa662.html,,Crybaby conservatives vs . self - appointed democracy savers,20240301T220000Z,https://bloximages.chicago2.vip.townnews.com/somerset-kentucky.com/content/tncms/custom/image/1d7ef136-97a9-11e5-94bc-6f29bc4b4f75.jpg,somerset-kentucky.com,English,United States
70,https://www.kob.com/politics-news/jill-biden-casts-donald-trump-as-a-threat-to-women-as-she-opens-a-tour-of-battleground-states/,,Jill Biden casts Donald Trump as a threat to women as she opens a tour of battleground states,20240301T220000Z,https://www.kob.com/wp-content/uploads/apimg/2024/03/Biden_Governors_68871.jpg,kob.com,English,United States
71,https://thegrio.com/2024/03/01/lisa-blunt-rochester-who-turned-tragedy-into-purpose-aims-to-join-historic-shortlist-of-black-female-us-senators/,,"Lisa Blunt Rochester , who turned tragedy into purpose , aims to join historic shortlist of Black female US senators",20240301T234500Z,https://thegrio.com/wp-content/uploads/2024/03/thegrio-article-Running-Black-Lisa-Blunt-Rochester.jpg,thegrio.com,English,United States
72,https://www.wnd.com/2024/03/appeals-judges-rule-trial-courts-blundered-hundreds-j6-sentences/,,Appeals judges rule trial courts blundered in hundreds of J6 sentences,20240301T234500Z,https://www.wnd.com/wp-content/uploads/2021/05/capitol-riots-protesters-police-rioters-jpg.jpg,wnd.com,English,United States
73,https://rollcall.com/2024/03/01/three-questions-north-carolina-primaries-may-answer/,,Three questions North Carolina primaries may answer,20240301T234500Z,https://rollcall.com/app/uploads/2024/03/last_votes_133_110923.jpg,rollcall.com,English,United States
74,https://www.valdostadailytimes.com/ap/national/jill-biden-casts-donald-trump-as-a-threat-to-women-as-she-opens-a-tour/article_90ae944e-969d-52a5-a94d-e5cbc7fa5dd3.html,https://www.valdostadailytimes.com/ap/national/jill-biden-casts-donald-trump-as-a-threat-to-women-as-she-opens-a-tour/article_90ae944e-969d-52a5-a94d-e5cbc7fa5dd3.amp.html,Jill Biden casts Donald Trump as a threat to women as she opens a tour of battleground states,20240301T231500Z,https://bloximages.chicago2.vip.townnews.com/valdostadailytimes.com/content/tncms/assets/v3/editorial/f/dc/fdc6507d-f951-5723-9d20-527db8f90ade/65e24c0397f12.image.jpg?crop=1763%2C926%2C0%2C124,valdostadailytimes.com,English,United States
75,https://www.washingtontimes.com/news/2024/mar/1/south-carolina-senator-tim-scott-would-be-ideal-ru/,,South Carolina senator Tim Scott would be ideal running mate for Donald Trump,20240301T231500Z,,washingtontimes.com,English,United States
76,https://rollcall.com/2024/03/01/alabama-arkansas-races-to-watch-on-super-tuesday/,,"Alabama , Arkansas races to watch on Super Tuesday",20240301T230000Z,https://rollcall.com/app/uploads/2024/03/gop_meeting_529_110723.jpg,rollcall.com,English,United States
